{
    "tasks": {
        "dev": "export LOCAL=/src/_server && export LOCAL_BUILD=. && deno run --watch -A index.js ",
        "run": " export LOCAL=/src/_server && export LOCAL_BUILD=. && deno run --watch -A index.js build",
        "test": " deno task build && deno test ./qa --allow-run  --allow-net --allow-env --allow-read --import-map ./src/import_map.json "
        "reload": "deno cache --import-map ./src/import_map.json --reload ./src/server/index.js",
        "init": "chmod +x style && ./style",
        "setup": "curl -sLO https://github.com/codebenderhq/backpack/releases/latest/download/binary.zip  && unzip binary.zip"
    }
}